{
    "N": 104,
    "sum": 170746,
    "min": 201,
    "max": 6790,
    "med": 1209,
    "mean": 1641.7884615384614,
    "N50len": 3632,
    "N50pos": 51,
    "25_mers": 168042,
    "25_mers_unique": 104954,
    "n_ambiguous": 0,
    "redundancy": 0.3754299520358006,
    "GCperc": 0.4499314771649116
}